English Phrase		English Phrase ID	Portuguese Google Translation	Portuguese Suggested Translation		Portuguese Suggested Translation ID	Hindi Google 1	Hindi Google 1 ID		Hindi Google 2	Hindi Google 2 ID	Hindi Google 2 ID	Insert 1	Insert 2	Insert 3	Insert 4	Insert 5	Insert 6	Insert 1	Insert 2	Insert 3	Insert 4	Insert 5	Insert 6
I have lost my passport.	I have lost my passport	1	Eu perdi meu passaporte.	Eu perdi meu passaporte.	Eu perdi meu passaporte	2	????? ???? ???????? ?? ???? ???	????? ???? ???????? ?? ???? ??	3	mainne apana paasaport kho diya hai.	mainne apana paasaport kho diya hai	4	"INSERT INTO `masters`.`Translations`(`sentence_id_1`,`sentence_id_2`)VALUES(1,2);"	"INSERT INTO `masters`.`Translations`(`sentence_id_1`,`sentence_id_2`)VALUES(1,3);"	"INSERT INTO `masters`.`Translations`(`sentence_id_1`,`sentence_id_2`)VALUES(1,4);"	"INSERT INTO `masters`.`Translations`(`sentence_id_1`,`sentence_id_2`)VALUES(2,3);"	"INSERT INTO `masters`.`Translations`(`sentence_id_1`,`sentence_id_2`)VALUES(2,4);"	"INSERT INTO `masters`.`Translations`(`sentence_id_1`,`sentence_id_2`)VALUES(3,4);"	"INSERT INTO `masters`.`Translations`(`sentence_id_1`,`sentence_id_2`)VALUES(2,1);"	"INSERT INTO `masters`.`Translations`(`sentence_id_1`,`sentence_id_2`)VALUES(3,1);"	"INSERT INTO `masters`.`Translations`(`sentence_id_1`,`sentence_id_2`)VALUES(4,1);"	"INSERT INTO `masters`.`Translations`(`sentence_id_1`,`sentence_id_2`)VALUES(3,2);"	"INSERT INTO `masters`.`Translations`(`sentence_id_1`,`sentence_id_2`)VALUES(4,2);"	"INSERT INTO `masters`.`Translations`(`sentence_id_1`,`sentence_id_2`)VALUES(4,3);"
Someone stole my money. 	Someone stole my money	5	Alguém roubou meu dinheiro.	Alguém roubou meu dinheiro.	Alguém roubou meu dinheiro	6	???? ?? ???? ???? ???? ?????	???? ?? ???? ???? ???? ????	7	kisee ne mera paisa chura liya.	kisee ne mera paisa chura liya	8												
Help!	Help	9	Socorro!	Socorro!	Socorro	10	???!	???	11	madad!	madad	12												
May I have the bill?	May I have the bill	13	Pode trazer a conta?	Pode trazer a conta?	Pode trazer a conta	14	???? ???? ??? ??? ???? ???	???? ???? ??? ??? ???? ??	15	kya mujhe bil mil sakata hai?	kya mujhe bil mil sakata hai	16												
I would like dessert. 	I would like dessert	17	Eu gostaria de sobremesa.	Eu gostaria de sobremesa.	Eu gostaria de sobremesa	18	??? ????? ????????	??? ????? ???????	19	main mithaee chaahoonga.	main mithaee chaahoonga	20												
I'll have an appetizer.	I'll have an appetizer	797	Eu terei um aperitivo.	Eu terei um aperitivo.	Eu terei um aperitivo	798	???? ??? ?? ??????????? ???  	???? ??? ?? ??????????? ??	799	mere paas ek kshudhaavardhak hai.	mere paas ek kshudhaavardhak hai	800												
I would like to order.	I would like to order	21	Eu gostaria de pedir.	Eu gostaria de pedir.	Eu gostaria de pedir	22	??? ?????? ???? ????? ????	??? ?????? ???? ????? ???	23	main pharamaish karana chaahata hoon.	main pharamaish karana chaahata hoon	24												
May I see a menu?	May I see a menu	25	Posso ver um menu?	Posso ver um menu?	Posso ver um menu	26	???? ???? ?? ???? ????? ?? ??? ???	???? ???? ?? ???? ????? ?? ??? ??	27	kya mujhe ek menoo dikhaee de raha hai?	kya mujhe ek menoo dikhaee de raha hai	28												
I would like a drink.	I would like a drink	29	Quero uma bebida.	Quero uma bebida.	Quero uma bebida	30	???? ?????? ??????	???? ?????? ?????	31	mujhe drink chaahie.	mujhe drink chaahie	32												
I would like some water.	I would like some water	33	Eu gostaria de um pouco de água.	Eu gostaria de um pouco de água.	Eu gostaria de um pouco de água	34	???? ???? ???? ????????	???? ???? ???? ???????	35	thoda paanee peena chaahoonga.	thoda paanee peena chaahoonga	36												
A table for two.	A table for two	37	Uma mesa para dois.	Uma mesa para dois.	Uma mesa para dois	38	?? ?? ??? ?? ????	?? ?? ??? ?? ???	39	do ke lie ek mej.	do ke lie ek mej	40												
A table for four.	A table for four	41	Uma mesa para quatro.	Uma mesa para quatro.	Uma mesa para quatro	42	??? ?? ??? ?? ????	??? ?? ??? ?? ???	43	chaar ke lie ek mej.	chaar ke lie ek mej	44												
How far is it to the airport? 	How far is it to the airport	45	A que distância fica do aeroporto?	A que distância fica do aeroporto?	A que distância fica do aeroporto	46	???? ????? ?? ????? ??? ???	???? ????? ?? ????? ??? ??	47	havaee adde se kitanee door hai?	havaee adde se kitanee door hai	48												
How far is it to the hotel?	How far is it to the hotel	49	Qual é a distância para o hotel?	Qual é a distância para o hotel?	Qual é a distância para o hotel	50	???? ?? ???? ????? ???? ?? ???	???? ?? ???? ????? ???? ?? ??	51	yahaan se hotal kitanee dooree par hai?	yahaan se hotal kitanee dooree par hai	52												
How do you get to the airport? 	How do you get to the airport	53	Como você chega ao aeroporto?	Como você chega ao aeroporto?	Como você chega ao aeroporto	54	?? ???? ????? ?? ???? ??????????	?? ???? ????? ?? ???? ?????????	55	aap havaee adde tak kaise pahunchenge?	aap havaee adde tak kaise pahunchenge	56												
How do you get to the hotel? 	How do you get to the hotel	57	Como você chega ao hotel?	Como você chega ao hotel?	Como você chega ao hotel	58	?? ???? ??? ???? ??????????	?? ???? ??? ???? ?????????	59	aap hotal mein kaise pahunchenge?	aap hotal mein kaise pahunchenge	60												
Where is the bank?	Where is the bank	61	Onde é o Banco?	Onde é o Banco?	Onde é o Banco	62	???? ???? ???	???? ???? ??	63	baink kahaan hai?	baink kahaan hai	64												
Where can I find a restaurant?	Where can I find a restaurant	65	Onde posso encontrar um restaurante?	Onde posso encontrar um restaurante?	Onde posso encontrar um restaurante	66	???? ?? ???????? ???? ??? ???? ???	???? ?? ???????? ???? ??? ???? ??	67	mujhe ek restaraan kahaan mil sakata hai?	mujhe ek restaraan kahaan mil sakata hai	68												
Where is the hospital? 	Where is the hospital	69	Onde fica o hospital?	Onde fica o hospital?	Onde fica o hospital	70	??????? ???? ???	??????? ???? ??	71	aspataal kahaan hai?	aspataal kahaan hai	72												
Where can I find a grocery store?	Where can I find a grocery store	73	Onde posso encontrar uma mercearia?	Onde posso encontrar uma mercearia?	Onde posso encontrar uma mercearia	74	???? ?????? ?? ????? ???? ??? ???? ???	???? ?????? ?? ????? ???? ??? ???? ??	75	mujhe kiraane kee dukaan kahaan mil sakatee hai?	mujhe kiraane kee dukaan kahaan mil sakatee hai	76												
How do I call down to the front desk? 	How do I call down to the front desk	77	Como faço para ligar para a recepção?	Como faço para ligar para a recepção?	Como faço para ligar para a recepção	78	??? ????? ????? ?? ???? ??? ?????	??? ????? ????? ?? ???? ??? ????	79	main phrant desk par kaise kol karoon?	main phrant desk par kaise kol karoon	80												
How do I call for room service?	How do I call for room service	81	Como faço para ligar para o serviço de quarto?	Como faço para ligar para o serviço de quarto?	Como faço para ligar para o serviço de quarto	82	??? ??? ?????? ?? ??? ???? ??? ?????	??? ??? ?????? ?? ??? ???? ??? ????	83	main room sarvis ke lie kaise kol karoon?	main room sarvis ke lie kaise kol karoon	84												
"My room is messy, and I would like it cleaned."	"My room is messy, and I would like it cleaned"	85	Meu quarto está bagunçado e eu gostaria de limpá-lo.	Meu quarto está bagunçado e eu gostaria de limpá-lo.	Meu quarto está bagunçado e eu gostaria de limpá-lo	86	"???? ???? ????? ??, ?? ??? ??????? ?? ?? ??? ?? ????"	"???? ???? ????? ??, ?? ??? ??????? ?? ?? ??? ?? ???"	87	"mera kamara ganda hai, aur main chaahoonga ki yah saaph ho jae."	"mera kamara ganda hai, aur main chaahoonga ki yah saaph ho jae"	88												
My room needs towels.	My room needs towels	89	Meu quarto precisa de toalhas.	Meu quarto precisa de toalhas.	Meu quarto precisa de toalhas	90	???? ???? ??? ?????? ?? ????? ???	???? ???? ??? ?????? ?? ????? ??	91	mere kamare mein tauliye kee jaroorat hai.	mere kamare mein tauliye kee jaroorat hai	92												
Is there free breakfast?	Is there free breakfast	93	Tem café da manhã grátis?	Tem café da manhã grátis?	Tem café da manhã grátis	94	???? ????? ?? ?????? ???	???? ????? ?? ?????? ??	95	kya mupht ka naashta hai?	kya mupht ka naashta hai	96												
How do I access the Internet?	How do I access the Internet	97	Como eu acesso a Internet?	Como eu acesso a Internet?	Como eu acesso a Internet	98	??? ??????? ?? ????? ???? ?????	??? ??????? ?? ????? ???? ????	99	main intaranet ka upayog kaise karoon?	main intaranet ka upayog kaise karoon	100												
Where are the elevators? 	Where are the elevators	101	Onde estão os elevadores?	Onde estão os elevadores?	Onde estão os elevadores	102	????? ???? ????	????? ???? ???	103	lipht kahaan hain?	lipht kahaan hain	104												
What floor am I on?	What floor am I on	105	Em que andar estou?	Em que andar estou?	Em que andar estou	106	??? ??? ????? ?? ????	??? ??? ????? ?? ???	107	main kis manjil par hoon?	main kis manjil par hoon	108												
How many beds are in the room? 	How many beds are in the room	109	Quantas camas estão no quarto?	Quantas camas estão no quarto?	Quantas camas estão no quarto	110	?? ???? ??? ????? ?????? ????	?? ???? ??? ????? ?????? ???	111	is kamare mein kitane bistar hain?	is kamare mein kitane bistar hain	112												
Does the room have a bathroom?	Does the room have a bathroom	113	O quarto tem banheiro?	O quarto tem banheiro?	O quarto tem banheiro	114	???? ???? ??? ?????? ???	???? ???? ??? ?????? ??	115	kya kamare mein baatharoom hai?	kya kamare mein baatharoom hai	116												
I don't understand.	I don't understand	117	Eu não entendo	Eu não entendo.	Eu não entendo	118	??? ???? ?????	??? ???? ????	119	main nahin samajhata	main nahin samajhat	120												
I would like to go to the airport. 	I would like to go to the airport	121	Eu gostaria de ir ao aeroporto.	Eu gostaria de ir ao aeroporto.	Eu gostaria de ir ao aeroporto	122	??? ???????? ???? ????????	??? ???????? ???? ???????	123	main eyaraport jaana chaahoonga.	main eyaraport jaana chaahoonga	124												
I would like to go to the the mall. 	I would like to go to the the mall	125	Eu gostaria de ir ao shopping.	Eu gostaria de ir ao shopping.	Eu gostaria de ir ao shopping	126	??? ??? ???? ????????	??? ??? ???? ???????	127	main mol jaana chaahoonga.	main mol jaana chaahoonga	128												
I would like to go to the the hotel. 	I would like to go to the the hotel	129	Eu gostaria de ir ao hotel.	Eu gostaria de ir ao hotel.	Eu gostaria de ir ao hotel	130	??? ???? ???? ????????	??? ???? ???? ???????	131	main hotal jaana chaahoonga.	main hotal jaana chaahoonga	132												
I would like to go to work. 	I would like to go to work	133	Eu gostaria de ir trabalhar.	Eu gostaria de ir trabalhar.	Eu gostaria de ir trabalhar	134	??? ??? ?? ???? ????????	??? ??? ?? ???? ???????	135	main kaam par jaana chaahoonga.	main kaam par jaana chaahoonga	136												
I would like to go eat. 	I would like to go eat	137	Eu gostaria de ir comer.	Eu gostaria de ir comer.	Eu gostaria de ir comer	138	??? ???? ???? ???? ????????	??? ???? ???? ???? ???????	139	main khaana khaane jaana chaahoonga.	main khaana khaane jaana chaahoonga	140												
Do you know where this hotel is? 	Do you know where this hotel is	141	Você sabe onde fica este hotel?	Você sabe onde fica este hotel?	Você sabe onde fica este hotel	142	???? ?? ????? ??? ?? ?? ???? ???? ???	???? ?? ????? ??? ?? ?? ???? ???? ??	143	kya aap jaanate hain ki yah hotal kahaan hai?	kya aap jaanate hain ki yah hotal kahaan hai	144												
Where can I find a taxi?	Where can I find a taxi	145	Onde posso encontrar um táxi?	Onde posso encontrar um táxi?	Onde posso encontrar um táxi	146	???? ?????? ???? ??? ???? ???	???? ?????? ???? ??? ???? ??	147	mujhe taiksee kahaan mil sakatee hai?	mujhe taiksee kahaan mil sakatee hai	148												
Where is the bus stop? 	Where is the bus stop	149	Onde é o ponto de ônibus?	Onde é o ponto de ônibus?	Onde é o ponto de ônibus	150	?? ????? ??? ???	?? ????? ??? ??	151	bas stop kaha hai?	bas stop kaha hai	152												
Where is the currency exchange?	Where is the currency exchange	153	Onde está a troca de moeda?	Onde está a troca de moeda?	Onde está a troca de moeda	154	?????? ?????? ???? ???	?????? ?????? ???? ??	155	mudra vinimay kahaan hai?	mudra vinimay kahaan hai	156												
Do you have a map?	Do you have a map	157	Você tem um mapa?	Você tem um mapa?	Você tem um mapa	158	???? ???????? ??? ????? ????	???? ???????? ??? ????? ???	159	kya tumhaare paas naksha hain?	kya tumhaare paas naksha hain	160												
I am staying at a hotel. 	I am staying at a hotel	161	Eu estou hospedado em um hotel.	Eu estou hospedado em um hotel.	Eu estou hospedado em um hotel	162	??? ?? ???? ??? ???? ????	??? ?? ???? ??? ???? ???	163	main ek hotal mein thahara hoon.	main ek hotal mein thahara hoon	164												
I am visiting family.	I am visiting family	165	Eu estou visitando a família.	Eu estou visitando a família.	Eu estou visitando a família	166	??? ?????? ?? ???? ?? ??? ????	??? ?????? ?? ???? ?? ??? ???	167	main parivaar ka daura kar raha hoon.	main parivaar ka daura kar raha hoon	168												
I will be here for a few days.	I will be here for a few days	169	Eu estarei aqui por alguns dias.	Eu estarei aqui por alguns dias.	Eu estarei aqui por alguns dias	170	??? ??? ????? ?? ??? ???? ???????	??? ??? ????? ?? ??? ???? ??????	171	main kuchh dinon ke lie yahaan rahoonga.	main kuchh dinon ke lie yahaan rahoonga	172												
I will be here for a week.	I will be here for a week	173	Eu estarei aqui por uma semana.	Eu estarei aqui por uma semana.	Eu estarei aqui por uma semana	174	??? ?? ?????? ?? ??? ???? ???????	??? ?? ?????? ?? ??? ???? ??????	175	main ek saptaah ke lie yahaan rahoonga.	main ek saptaah ke lie yahaan rahoonga	176												
I will be here for a few weeks.	I will be here for a few weeks	177	Eu estarei aqui por algumas semanas.	Eu estarei aqui por algumas semanas.	Eu estarei aqui por algumas semanas	178	??? ??? ?????? ?? ??? ???? ???????	??? ??? ?????? ?? ??? ???? ??????	179	main kuchh haphton ke lie yahaan rahoonga.	main kuchh haphton ke lie yahaan rahoonga	180												
I am traveling for work. 	I am traveling for work	181	Eu estou viajando para o trabalho.	Eu estou viajando para o trabalho.	Eu estou viajando para o trabalho	182	??? ??? ?? ??? ?????? ?? ??? ????	??? ??? ?? ??? ?????? ?? ??? ???	183	main kaam ke lie yaatra kar raha hoon.	main kaam ke lie yaatra kar raha hoon	184												
I am traveling for leisure.	I am traveling for leisure	185	Eu estou viajando a lazer.	Eu estou viajando a lazer.	Eu estou viajando a lazer	186	??? ????? ?? ??? ?????? ?? ??? ????	??? ????? ?? ??? ?????? ?? ??? ???	187	main avakaash ke lie yaatra kar raha hoon.	main avakaash ke lie yaatra kar raha hoon	188												
I have a connecting flight.	I have a connecting flight	189	Eu tenho um voo de conexão.	Eu tenho um voo de conexão.	Eu tenho um voo de conexão	190	???? ????????? ?????? ???	???? ????????? ?????? ??	191	meree kanekting phlait hai.	meree kanekting phlait hai	192												
What time is it?	What time is it	193	Que horas são?	Que horas são?	Que horas são	194	???? ??? ??? ???	???? ??? ??? ??	195	kya samay hua hai?	kya samay hua hai	196												
May I purchase headphones?	May I purchase headphones	197	Posso comprar fones de ouvido?	Posso comprar fones de ouvido?	Posso comprar fones de ouvido	198	???? ??? ??????? ???? ???? ????	???? ??? ??????? ???? ???? ???	199	kya main hedafon khareed sakata hoon?	kya main hedafon khareed sakata hoon	200												
May I have something to drink?	May I have something to drink	201	Posso ter algo para beber?	Posso ter algo para beber?	Posso ter algo para beber	202	???? ???? ??? ???? ???	???? ???? ??? ???? ??	203	kya mujhe kuchh peena hai?	kya mujhe kuchh peena hai	204												
May I have something to eat?	May I have something to eat	205	Posso comer alguma coisa?	Posso comer alguma coisa?	Posso comer alguma coisa	206	???? ???? ??? ???? ?? ??? ??? ?? ???? ???	???? ???? ??? ???? ?? ??? ??? ?? ???? ??	207	kya mere paas khaane ke lie kuchh ho sakata hai?	kya mere paas khaane ke lie kuchh ho sakata hai	208												
Are meals included?	Are meals included	209	As refeições estão incluídas?	As refeições estão incluídas?	As refeições estão incluídas	210	???? ???? ????? ????	???? ???? ????? ???	211	kya bhojan shaamil hain?	kya bhojan shaamil hain	212												
How much does the magazine cost?	How much does the magazine cost	213	Quanto custa a revista?	Quanto custa a revista?	Quanto custa a revista	214	??????? ?? ???? ????? ???	??????? ?? ???? ????? ??	215	patrika kee laagat kitanee hai?	patrika kee laagat kitanee hai	216												
Where is the restroom?	Where is the restroom	217	Onde é o banheiro?	Onde é o banheiro?	Onde é o banheiro	218	?????????? ???? ???	?????????? ???? ??	219	vishraamagrh kahaan hai?	vishraamagrh kahaan hai	220												
Where is my gate?	Where is my gate	221	Onde está o meu portão?	Onde está o meu portão?	Onde está o meu portão	222	???? ??? ???? ???	???? ??? ???? ??	223	mera get kahaan hai?	mera get kahaan hai	224												
What airline am I flying?	What airline am I flying	225	Qual companhia aérea estou voando?	Qual companhia aérea estou voando?	Qual companhia aérea estou voando	226	??? ??? ??????? ?? ????? ?? ??? ????	??? ??? ??????? ?? ????? ?? ??? ???	227	main kis eyaralain kee udaan bhar raha hoon?	main kis eyaralain kee udaan bhar raha hoon	228												
What time is my flight?	What time is my flight	229	A que horas é o meu voo?	A que horas é o meu voo?	A que horas é o meu voo	230	???? ????? ?? ??? ???? ???	???? ????? ?? ??? ???? ??	231	meree udaan ka samay kya hai?	meree udaan ka samay kya hai	232												
I would like some food.	I would like some food	233	Eu gostaria de um pouco de comida.	Eu gostaria de um pouco de comida.	Eu gostaria de um pouco de comida	234	???? ??? ???? ??????	???? ??? ???? ?????	235	mujhe kuchh khaana chaahie.	mujhe kuchh khaana chaahie	236												
How are you?	How are you	237	Como você está?	Como você está?	Como você está	238	???? ??? ???	???? ??? ??	239	kya haal hai?	kya haal hai	240												
How is it going?	How is it going	241	Como vão as coisas?	Como vão as coisas?	Como vão as coisas	242	???? ?? ??? ???	???? ?? ??? ??	243	kaisa chal raha hai?	kaisa chal raha hai	244												
Hello.	Hello	245	Olá.	Olá.	Olá	246	???????	??????	247	namaste.	namaste	248												
Hi.	Hi	249	Oi.	Oi.	Oi	250	???????	??????	251	namaste.	namaste	248												
Hey.	Hey	253	Ei.	Ei.	Ei	254	????	???	255	are.	are	256												
Good morning.	Good morning	257	Bom Dia.	Bom Dia.	Bom Dia	258	??? ???????	??? ??????	259	shubh prabhaat.	shubh prabhaat	260												
Good afternoon.	Good afternoon	261	Boa tarde.	Boa tarde.	Boa tarde	262	????????	???????	263	namaskaar.	namaskaar	264												
Good evening.	Good evening	265	Boa noite.	Boa noite.	Boa noite	266	?????????	????????	267	susandhya.	susandhya	268												
Good night.	Good night	269	Boa noite.	Boa noite.	Boa noite	266	??? ???????	??? ??????	267	shubh raatri.	shubh raatri	272												
I love the feeling of fingers running through my hair.	I love the feeling of fingers running through my hair	273	Eu amo a sensação de dedos correndo pelo meu cabelo.	Eu adoro Cafuné.	Eu adoro Cafuné	274	???? ???? ????? ??? ???????? ????? ?? ????? ???? ???? ???	???? ???? ????? ??? ???????? ????? ?? ????? ???? ???? ??	275	mujhe apane baalon mein ungaliyaan chalaane ka ehasaas bahut pasand hai.	mujhe apane baalon mein ungaliyaan chalaane ka ehasaas bahut pasand hai	276												
You hit one out of the park.	You hit one out of the park	277	Você bateu um fora do parque.	Você foi ótimo.	Você foi ótimo	278	???? ????? ?? ???? ?? ?????	???? ????? ?? ???? ?? ????	279	aapane paark ke baahar ek maara.	aapane paark ke baahar ek maara	280												
You did great.	You did great	281	Você foi ótimo.	Você foi ótimo.	Você foi ótimo	278	????? ???? ????? ?????	????? ???? ????? ????	279	tumane bahut achchha kiya.	tumane bahut achchha kiya	280												
Where is tourist information?	Where is tourist information	285	Onde está a informação turística?	Onde está a informação turística?	Onde está a informação turística	286	???????? ?? ??????? ???? ???	???????? ?? ??????? ???? ??	287	paryatakon kee jaanakaaree kahaan hai?	paryatakon kee jaanakaaree kahaan hai	288												
Where can I get my baggage?	Where can I get my baggage	289	Onde posso obter a minha bagagem?	Onde posso obter a minha bagagem?	Onde posso obter a minha bagagem	290	???? ???? ????? ???? ?? ???????	???? ???? ????? ???? ?? ??????	291	mujhe apana saamaan kahaan par milega?	mujhe apana saamaan kahaan par milega	292												
I have to catch a connecting flight.	I have to catch a connecting flight	293	Eu tenho que pegar um vôo de conexão.	Eu tenho que pegar um vôo de conexão.	Eu tenho que pegar um vôo de conexão	294	???? ????????? ?????? ?????? ???	???? ????????? ?????? ?????? ??	295	mujhe kanekting phlait pakadanee hai.	mujhe kanekting phlait pakadanee hai	296												
Which way is that?	Which way is that	297	Qual é o caminho?	Qual é o caminho?	Qual é o caminho	298	??? ?? ????? ???	??? ?? ????? ??	299	kaun sa tareeka hai?	kaun sa tareeka hai	300												
I just missed my connecting flight.	I just missed my connecting flight	301	Eu perdi meu voo de conexão.	Eu perdi meu voo de conexão.	Eu perdi meu voo de conexão	302	????? ???? ????????? ?????? ?? ??? ?? ?????	????? ???? ????????? ?????? ?? ??? ?? ????	303	mainne apanee kanekting phlait ko mis kar diya.	mainne apanee kanekting phlait ko mis kar diya	304												
"Excuse me, Where is this boarding gate?"	"Excuse me, Where is this boarding gate"	305	"Com licença, onde está esse portão de embarque?"	"Com licença, onde está esse portão de embarque?"	"Com licença, onde está esse portão de embarque"	306	"??? ?????, ?? ???????? ??? ???? ???"	"??? ?????, ?? ???????? ??? ???? ??"	307	"maaph keejie, yah bording get kahaan hai?"	"maaph keejie, yah bording get kahaan hai"	308												
Can you recommend a hotel?	Can you recommend a hotel	309	Você pode recomendar um hotel?	Você pode recomendar um hotel?	Você pode recomendar um hotel	310	???? ?? ???? ?? ??????? ?? ???? ????	???? ?? ???? ?? ??????? ?? ???? ???	311	kya aap hotal kee siphaarish kar sakate hain?	kya aap hotal kee siphaarish kar sakate hain	312												
Is there a smoking area?	Is there a smoking area	313	Existe uma área para fumantes?	Existe uma área para fumantes?	Existe uma área para fumantes	314	???? ??? ???????? ??????? ???	???? ??? ???????? ??????? ??	315	kya koee dhoomrapaan kshetr hai?	kya koee dhoomrapaan kshetr hai	316												
Is there a bus to the city?	Is there a bus to the city	317	Existe um ônibus para a cidade?	Existe um ônibus para a cidade?	Existe um ônibus para a cidade	318	???? ??? ?? ??? ?? ?? ???	???? ??? ?? ??? ?? ?? ??	319	kya shahar ke lie ek bas hai?	kya shahar ke lie ek bas hai	320												
Where is the taxi stand?	Where is the taxi stand	321	Onde fica o ponto de táxi?	Onde fica o ponto de táxi?	Onde fica o ponto de táxi	322	?????? ?????? ???? ???	?????? ?????? ???? ??	323	taiksee staind kahaan hai?	taiksee staind kahaan hai	324												
Could you recommend a hotel in downtown? 	Could you recommend a hotel in downtown	325	Você poderia recomendar um hotel no centro da cidade?	Você poderia recomendar um hotel no centro da cidade?	Você poderia recomendar um hotel no centro da cidade	326	?? ??? ??? ?? ???? ?? ??????? ?? ???? ????	?? ??? ??? ?? ???? ?? ??????? ?? ???? ???	327	aap shahar mein ek hotal kee siphaarish kar sakate hain?	aap shahar mein ek hotal kee siphaarish kar sakate hain	328												
How much does it cost to take a taxi to this address?	How much does it cost to take a taxi to this address	329	Quanto custa pegar um táxi para esse endereço?	Quanto custa pegar um táxi para esse endereço?	Quanto custa pegar um táxi para esse endereço	330	?? ??? ?? ?????? ???? ??? ????? ???? ???? ???	?? ??? ?? ?????? ???? ??? ????? ???? ???? ??	331	is pate par taiksee lene mein kitana kharch hota hai?	is pate par taiksee lene mein kitana kharch hota hai	332												
"Take me to this address, please."	"Take me to this address, please"	333	Leve-me até este endereço por favor.	Leve-me até este endereço por favor.	Leve-me até este endereço por favor	334	????? ???? ?? ??? ?? ?? ?????	????? ???? ?? ??? ?? ?? ????	335	krpaya mujhe is pate par le chalie.	krpaya mujhe is pate par le chalie	336												
"Hilton hotel, please."	"Hilton hotel, please"	337	"Hotel Hilton, por favor."	"Hotel Hilton, por favor."	"Hotel Hilton, por favor"	338	"?????? ????, ??????"	"?????? ????, ?????"	339	"hiltan hotal, krpaya."	"hiltan hotal, krpaya"	340												
Let me off here.	Let me off here	341	Me deixe sair daqui.	Me deixe sair daqui.	Me deixe sair daqui	342	???? ???? ???? ???	???? ???? ???? ??	343	mujhe yahaan chhod do.	mujhe yahaan chhod do	344												
Anywhere around here is fine.	Anywhere around here is fine	345	Qualquer lugar por aqui está bem.	Qualquer lugar por aqui está bem.	Qualquer lugar por aqui está bem	346	???? ????? ???? ?? ??? ???	???? ????? ???? ?? ??? ??	347	yahaan aasapaas kaheen bhee theek hai.	yahaan aasapaas kaheen bhee theek hai	348												
Keep the change. 	Keep the change	349	Fique com o troco.	Fique com o troco.	Fique com o troco	350	?????? ?? ???	?????? ?? ??	351	chhutte rakh lo.	chhutte rakh lo	352												
I would like to book a room.	I would like to book a room	353	Eu gostaria de reservar um quarto.	Eu gostaria de reservar um quarto.	Eu gostaria de reservar um quarto	354	??? ?? ???? ??? ???? ????????	??? ?? ???? ??? ???? ???????	355	main ek kamara buk karana chaahoonga.	main ek kamara buk karana chaahoonga	356												
I'd like a single room.	I'd like a single room	357	Gostaria de um quarto individual.	Gostaria de um quarto individual.	Gostaria de um quarto individual	358	???? ?? ????? ???? ??????	???? ?? ????? ???? ?????	359	mujhe ek singal kamara chaahie.	mujhe ek singal kamara chaahie	360												
I'd like to book a double room for 3 nights.	I'd like to book a double room for 3 nights	361	Eu gostaria de reservar um quarto duplo por 3 noites.	Eu gostaria de reservar um quarto duplo por 3 noites.	Eu gostaria de reservar um quarto duplo por 3 noites	362	??? 3 ????? ?? ??? ?? ??? ???? ??? ???? ????? ????	??? 3 ????? ?? ??? ?? ??? ???? ??? ???? ????? ???	363	main 3 raaton ke lie ek dabal kamara buk karana chaahata hoon.	main 3 raaton ke lie ek dabal kamara buk karana chaahata hoon	364												
How much is a double room per night?	How much is a double room per night	365	Quanto custa um quarto duplo por noite?	Quanto custa um quarto duplo por noite?	Quanto custa um quarto duplo por noite	366	????? ??? ?? ??? ???? ????? ???	????? ??? ?? ??? ???? ????? ??	367	prati raat ek dabal kamara kitana hai?	prati raat ek dabal kamara kitana hai	368												
I'd like a room with a nice view.	I'd like a room with a nice view	369	Eu gostaria de um quarto com uma bela vista.	Eu gostaria de um quarto com uma bela vista.	Eu gostaria de um quarto com uma bela vista	370	???? ?? ????? ????? ?? ??? ?? ???? ??????	???? ?? ????? ????? ?? ??? ?? ???? ?????	371	mujhe ek achchhe drshy ke saath ek kamara chaahie.	mujhe ek achchhe drshy ke saath ek kamara chaahie	372												
Can I have an extra bed for my room?	Can I have an extra bed for my room	373	Posso ter uma cama extra no meu quarto?	Posso ter uma cama extra no meu quarto?	Posso ter uma cama extra no meu quarto	374	???? ???? ???? ???? ?? ??? ?? ???????? ?????? ??? ???? ???	???? ???? ???? ???? ?? ??? ?? ???????? ?????? ??? ???? ??	375	kya mujhe apane kamare ke lie ek atirikt bistar mil sakata hai?	kya mujhe apane kamare ke lie ek atirikt bistar mil sakata hai	376												
I'm arriving late. Please keep my reservation.	I'm arriving late. Please keep my reservation	377	"Estou chegando atrasado. Por favor, mantenha minha reserva."	"Estou chegando atrasado. Por favor, mantenha minha reserva."	"Estou chegando atrasado. Por favor, mantenha minha reserva"	378	??? ??? ?? ????? ??? ??? ????? ???? ?????? ?????	??? ??? ?? ????? ??? ??? ????? ???? ?????? ????	379	main der se pahunch raha hoon krpaya mera aarakshan rakhen.	main der se pahunch raha hoon krpaya mera aarakshan rakhen	380												
When does the dining-room open?	When does the dining-room open	381	Quando a sala de jantar abre?	Quando a sala de jantar abre?	Quando a sala de jantar abre	382	???? ???? ?? ????? ???	???? ???? ?? ????? ??	383	bhojan kaksh kab khulata hai?	bhojan kaksh kab khulata hai	384												
When is breakfast served?	When is breakfast served	385	Quando o café da manhã será servido?	Quando o café da manhã será servido?	Quando o café da manhã será servido	386	?????? ?? ??? ???? ???? ???	?????? ?? ??? ???? ???? ??	387	naashta kab pesh kiya jaata hai?	naashta kab pesh kiya jaata hai	388												
Where can I keep my valuables?	Where can I keep my valuables	389	Onde posso guardar meus objetos de valor?	Onde posso guardar meus objetos de valor?	Onde posso guardar meus objetos de valor	390	??? ???? ????? ????? ???? ?? ???? ????	??? ???? ????? ????? ???? ?? ???? ???	391	main apana keematee saamaan kahaan rakh sakata hoon?	main apana keematee saamaan kahaan rakh sakata hoon	392												
"I'd like to order room service, please."	"I'd like to order room service, please"	393	"Eu gostaria de pedir serviço de quarto, por favor."	"Eu gostaria de pedir serviço de quarto, por favor."	"Eu gostaria de pedir serviço de quarto, por favor"	394	"???? ??? ?????? ????? ???? ??, ??????"	"???? ??? ?????? ????? ???? ??, ?????"	395	"mujhe room sarvis ordar karana hai, krpaya."	"mujhe room sarvis ordar karana hai, krpaya"	396												
I would like to have a wake-up call at 5:30.	I would like to have a wake-up call at 5:30	397	Eu gostaria de ter uma chamada de despertar às 5:30.	Eu gostaria de ter uma chamada de despertar às 5:30.	Eu gostaria de ter uma chamada de despertar às 5:30	398	??? 5:30 ??? ???? ????????	??? 5:30 ??? ???? ???????	399	main 5:30 baje uthana chaahoonga.	main 5:30 baje uthana chaahoonga	400												
What is the check-out time at this hotel?	What is the check-out time at this hotel	401	Qual é o horário do check-out neste hotel?	Qual é o horário do check-out neste hotel?	Qual é o horário do check-out neste hotel	402	?? ???? ??? ???-??? ?? ??? ???? ???	?? ???? ??? ???-??? ?? ??? ???? ??	403	is hotal mein chek-aaut ka samay kya hai?	is hotal mein chek-aaut ka samay kya hai	404												
Do you have a bus service to and from the airport?	Do you have a bus service to and from the airport	405	Você tem um serviço de ônibus para o aeroporto?	Você tem um serviço de ônibus para o aeroporto?	Você tem um serviço de ônibus para o aeroporto	406	???? ???? ??? ???? ????? ?? ???? ?? ??? ?? ??? ?? ???? ???	???? ???? ??? ???? ????? ?? ???? ?? ??? ?? ??? ?? ???? ??	407	kya aapake paas havaee adde se jaane aur aane ke lie bas seva hai?	kya aapake paas havaee adde se jaane aur aane ke lie bas seva hai	408												
Could you show me my room?	Could you show me my room	409	Você poderia me mostrar o meu quarto?	Você poderia me mostrar o meu quarto?	Você poderia me mostrar o meu quarto	410	???? ?? ???? ???? ???? ???? ???? ????	???? ?? ???? ???? ???? ???? ???? ???	411	kya aap mujhe apana kamara dikha sakate hain?	kya aap mujhe apana kamara dikha sakate hain	412												
Where is the elevator?	Where is the elevator	413	Onde fica o elevador?	Onde fica o elevador?	Onde fica o elevador	414	????? ???? ???	????? ???? ??	415	lipht kahaan hai?	lipht kahaan hai	416												
Where is the emergency exit?	Where is the emergency exit	417	Onde é a saída de emergência?	Onde é a saída de emergência?	Onde é a saída de emergência	418	????????? ????? ???? ?? ???	????????? ????? ???? ?? ??	419	aapaatakaaleen nikaas kahaan par hai?	aapaatakaaleen nikaas kahaan par hai	420												
The bed sheets are dirty.	The bed sheets are dirty	421	Os lençóis da cama são sujos.	Os lençóis da cama são sujos.	Os lençóis da cama são sujos	422	?????? ?? ?????? ???? ????	?????? ?? ?????? ???? ???	423	bistar kee chaadaren gandee hain.	bistar kee chaadaren gandee hain	424												
There is no hot water in my room.	There is no hot water in my room	425	Não há água quente no meu quarto.	Não há água quente no meu quarto.	Não há água quente no meu quarto	426	???? ???? ??? ???? ???? ???? ???	???? ???? ??? ???? ???? ???? ??	427	mere kamare mein garm paanee nahin hai.	mere kamare mein garm paanee nahin hai	428												
Where can I get some ice?	Where can I get some ice	429	Onde posso obter gelo?	Onde posso obter gelo?	Onde posso obter gelo	430	???? ??? ???? ???? ??? ???? ???	???? ??? ???? ???? ??? ???? ??	431	mujhe kuchh barph kahaan mil sakatee hai?	mujhe kuchh barph kahaan mil sakatee hai	432												
The air conditioner is not working.	The air conditioner is not working	433	O ar condicionado não está funcionando.	O ar condicionado não está funcionando.	O ar condicionado não está funcionando	434	??? ??????? ??? ???? ?? ??? ???	??? ??????? ??? ???? ?? ??? ??	435	eyar kandeeshanar kaam nahin kar raha hai.	eyar kandeeshanar kaam nahin kar raha hai	436												
I would like to check out.	I would like to check out	437	Gostaria de fazer check-out.	Gostaria de fazer check-out.	Gostaria de fazer check-out	438	???? ??? ??? ???? ???	???? ??? ??? ???? ??	439	mujhe chek aaut karana hai.	mujhe chek aaut karana hai	440												
May I try this on?	May I try this on	441	Posso experimentar isso?	Posso experimentar isso?	Posso experimentar isso	442	???? ??? ?? ?? ????? ?? ???? ????	???? ??? ?? ?? ????? ?? ???? ???	443	kya main is par koshish kar sakata hoon?	kya main is par koshish kar sakata hoon	444												
Can I pay by credit card?	Can I pay by credit card	445	Posso pagar com cartão de crédito?	Posso pagar com cartão de crédito?	Posso pagar com cartão de crédito	446	???? ?? ??????? ????? ?????? ?????? ?? ???? ????	???? ?? ??????? ????? ?????? ?????? ?? ???? ???	447	kya ham kredit kaard dvaara bhugataan kar sakate hain?	kya ham kredit kaard dvaara bhugataan kar sakate hain	448												
It's too expensive.	It's too expensive	449	É muito caro.	É muito caro.	É muito caro	450	?? ???? ????? ???	?? ???? ????? ??	451	yah bahut mahanga hai.	yah bahut mahanga hai	452												
Is this your final price?	Is this your final price	453	Este é o seu preço final?	Este é o seu preço final?	Este é o seu preço final	454	???? ?? ???? ????? ???? ???	???? ?? ???? ????? ???? ??	455	kya yah aapakee antim keemat hai?	kya yah aapakee antim keemat hai	456												
I'll take this one.	I'll take this one	457	Eu vou pegar esse aqui	Eu vou pegar esse aqui.	Eu vou pegar esse aqui	458	??? ??? ?? ??????	??? ??? ?? ?????	459	main ise le jaoonga	main ise le jaoong	460												
Where is the cashier?	Where is the cashier	461	Onde está o caixa?	Onde está o caixa?	Onde está o caixa	462	?????? ???? ???	?????? ???? ??	463	kaishiyar kahaan hai?	kaishiyar kahaan hai	464												
Where can I change money.	Where can I change money	465	Onde posso trocar dinheiro.	Onde posso trocar dinheiro.	Onde posso trocar dinheiro	466	??? ????? ?? ?????? ???? ?? ???? ????	??? ????? ?? ?????? ???? ?? ???? ???	467	main paison ka vinimay kahaan kar sakata hoon.	main paison ka vinimay kahaan kar sakata hoon	468												
Is there an ATM machine around here?	Is there an ATM machine around here	469	Existe um caixa eletrônico por aqui?	Existe um caixa eletrônico por aqui?	Existe um caixa eletrônico por aqui	470	???? ???-??? ????? ???? ???	???? ???-??? ????? ???? ??	471	kya idhar-udhar eteeem masheen hai?	kya idhar-udhar eteeem masheen hai	472												
Are you sure?	Are you sure	473	Você tem certeza?	Você tem certeza?	Você tem certeza	474	???? ???? ???? ???	???? ???? ???? ??	475	kya aapako yakeen hai?	kya aapako yakeen hai	476												
Are you used to the weather?	Are you used to the weather	477	Você está acostumado com o clima?	Você está acostumado com o clima?	Você está acostumado com o clima	478	???? ?? ???? ?? ??????? ????	???? ?? ???? ?? ??????? ???	479	kya aap mausam ke abhyast hain?	kya aap mausam ke abhyast hain	480												
As far as I am concerned.	As far as I am concerned	481	Tanto quanto eu estou preocupado.	Tanto quanto eu estou preocupado.	Tanto quanto eu estou preocupado	482	???? ?? ???? ????? ???	???? ?? ???? ????? ??	483	jahaan tak mera sambandh hai.	jahaan tak mera sambandh hai	484												
Be careful with that. 	Be careful with that	485	Tenha cuidado com isso.	Tenha cuidado com isso.	Tenha cuidado com isso	486	???? ?????? ?????	???? ?????? ????	487	usase saavadhaan rahen.	usase saavadhaan rahen	488												
By the way.	By the way	489	A propósito.	A propósito.	A propósito	490	?????	????	491	vaise.	vaise	492												
Don't worry.	Don't worry	493	Não se preocupe.	Não se preocupe.	Não se preocupe	494	????? ?? ????	????? ?? ???	495	chinta mat karo.	chinta mat karo	496												
Don't panic.	Don't panic	497	Não entre em pânico.	Não entre em pânico.	Não entre em pânico	498	????? ???	????? ??	499	ghabarao mat.	ghabarao mat	500												
Do you agree?	Do you agree	501	Você concorda?	Você concorda?	Você concorda	502	???? ?? ???? ????	???? ?? ???? ???	503	kya aap sahamat hain?	kya aap sahamat hain	504												
Do you carry this in different sizes?	Do you carry this in different sizes	505	Você carrega isso em tamanhos diferentes?	Você carrega isso em tamanhos diferentes?	Você carrega isso em tamanhos diferentes	506	???? ?? ??? ??????? ?????? ??? ?? ???? ????	???? ?? ??? ??????? ?????? ??? ?? ???? ???	507	kya aap ise vibhinn aakaaron mein le jaate hain?	kya aap ise vibhinn aakaaron mein le jaate hain	508												
Do you mind?	Do you mind	509	Você se importa?	Você se importa?	Você se importa	510	??? ???? ??????? ?? ?? ???	??? ???? ??????? ?? ?? ??	511	agar aapako pareshaanee na ho to?	agar aapako pareshaanee na ho to	512												
Should we?	Should we	513	Nós deveríamos?	Nós deveríamos?	Nós deveríamos	514	???? ?????	???? ????	515	kya hamen?	kya hamen	516												
Help yourself!	Help yourself	517	Fique a vontade!	Fique a vontade!	Fique a vontade	518	???? ?????? ??????!	???? ?????? ??????	519	apanee sahaayata keejiye!	apanee sahaayata keejiye	520												
How about you?	How about you	521	E quanto a você?	E quanto a você?	E quanto a você	522	?? ???? ????	?? ???? ???	523	aap kaise hain?	aap kaise hain	524												
How come?	How come	525	Por quê?	Por quê?	Por quê	526	??? ?????	??? ????	527	aisa kaise?	aisa kaise	528												
How do you like it?	How do you like it	529	Como é que você gosta?	Como é que você gosta?	Como é que você gosta	530	?????? ?? ???? ????	?????? ?? ???? ???	531	tumhe yah kaisa laga?	tumhe yah kaisa laga	532												
How long does it take?	How long does it take	533	Quanto tempo leva?	Quanto tempo leva?	Quanto tempo leva	534	????? ????? ??? ???? ???	????? ????? ??? ???? ??	535	isamen kitana samay lagata hai?	isamen kitana samay lagata hai	536												
How often?	How often	537	Com que frequência?	Com que frequência?	Com que frequência	538	????? ????	????? ???	539	kitanee baar?	kitanee baar	540												
I bet.	I bet	541	Eu aposto.	Eu aposto.	Eu aposto	542	?? ???? ????? ???	?? ???? ????? ??	543	mai shart lagaata hu.	mai shart lagaata hu	544												
I can hardly believe that.	I can hardly believe that	545	Eu mal posso acreditar nisso.	Eu mal posso acreditar nisso.	Eu mal posso acreditar nisso	546	???? ???? ?? ?? ??? ?? ???? ???	???? ???? ?? ?? ??? ?? ???? ??	547	mujhe shaayad hee is baat par yakeen ho.	mujhe shaayad hee is baat par yakeen ho	548												
I can't help.	I can't help	549	Não posso ajudar.	Não posso ajudar.	Não posso ajudar	550	??? ??? ???? ?? ????	??? ??? ???? ?? ???	551	main madad nahin kar sakata	main madad nahin kar sakat	552												
I can't say.	I can't say	553	Eu não posso dizer.	Eu não posso dizer.	Eu não posso dizer	554	??? ???? ?? ????	??? ???? ?? ???	555	main nahin kah sakata	main nahin kah sakat	556												
I cannot wait!	I cannot wait	557	Eu não posso esperar!	Eu não posso esperar!	Eu não posso esperar	558	??? ??????? ???? ?? ????!	??? ??????? ???? ?? ????	559	main intazaar nahin kar sakata!	main intazaar nahin kar sakata	560												
I have no idea.	I have no idea	561	Eu não faço ideia.	Eu não faço ideia.	Eu não faço ideia	562	???? ??? ???? ???	???? ??? ???? ??	563	mujhe pata nahin hai.	mujhe pata nahin hai	564												
I have got to go.	I have got to go	565	Eu tenho que ir.	Eu tenho que ir.	Eu tenho que ir	566	???? ???? ?????	???? ???? ????	567	mujhe jaana hoga.	mujhe jaana hoga	568												
I'll let you know.	I'll let you know	569	Eu aviso você.	Eu aviso você.	Eu aviso você	570	??? ???? ??? ??????	??? ???? ??? ?????	571	main aapako bata doonga.	main aapako bata doonga	572												
I'd be grateful.	I'd be grateful	573	Eu ficaria grato.	Eu ficaria grato.	Eu ficaria grato	574	??? ????? ??????	??? ????? ?????	575	main aabhaaree rahoonga	main aabhaaree rahoong	576												
I'm afraid.	I'm afraid	577	Estou com medo.	Estou com medo.	Estou com medo	578	???? ?? ?? ??? ???	???? ?? ?? ??? ??	579	mujhe dar lag raha hai.	mujhe dar lag raha hai	580												
I'm looking forward to it!	I'm looking forward to it	581	Estou ansioso para isso!	Estou ansioso para isso!	Estou ansioso para isso	582	??? ???? ??? ??? ??? ???!	??? ???? ??? ??? ??? ???	583	main isakee raah dekh raha hoon!	main isakee raah dekh raha hoon	584												
I'm not really happy with that.	I'm not really happy with that	585	Eu não estou muito feliz com isso.	Eu não estou muito feliz com isso.	Eu não estou muito feliz com isso	586	??? ?????? ??? ???? ??? ???? ????	??? ?????? ??? ???? ??? ???? ???	587	main vaastav mein isase khush nahin hoon.	main vaastav mein isase khush nahin hoon	588												
It's my fault.	It's my fault	589	É minha culpa.	É minha culpa.	É minha culpa	590	?? ???? ???? ???	?? ???? ???? ??	591	yah meree galatee hai.	yah meree galatee hai	592												
It's on the tip of my tongue.	It's on the tip of my tongue	593	Está na ponta da língua.	Está na ponta da língua.	Está na ponta da língua	594	?? ???? ????? ??? ???	?? ???? ????? ??? ??	595	yah mujhe jabaanee yaad hai.	yah mujhe jabaanee yaad hai	596												
It's up to you.	It's up to you	597	Você decide.	Você decide.	Você decide	598	?? ?? ?? ?????? ???? ???	?? ?? ?? ?????? ???? ??	599	yah aap par nirbhar karata hai.	yah aap par nirbhar karata hai	600												
It's your turn.	It's your turn	601	É sua vez.	É sua vez.	É sua vez	602	?? ???? ???? ???	?? ???? ???? ??	603	yah aapakee baaree hai.	yah aapakee baaree hai	604												
It may surprise you.	It may surprise you	605	Pode te surpreender.	Pode te surpreender.	Pode te surpreender	606	?? ???? ??????????? ?? ???? ???	?? ???? ??????????? ?? ???? ??	607	yah aapako aashcharyachakit kar sakata hai.	yah aapako aashcharyachakit kar sakata hai	608												
I've had enough.	I've had enough	609	Eu já tive o suficiente	Eu já tive o suficiente	Eu já tive o suficient	610	????? ???? ?????	????? ???? ????	611	mainne bahut kiya.	mainne bahut kiya	612												
On the other hand.	On the other hand	613	Por outro lado.	Por outro lado.	Por outro lado	614	????? ???	????? ??	615	doosaree or.	doosaree or	616												
See that?	See that	617	Veja isso?	Veja isso?	Veja isso	618	????? ?? ???	????? ?? ??	619	dekhana hai ki?	dekhana hai ki	620												
There is nothing I like better.	There is nothing I like better	621	Não há nada que eu goste melhor.	Não há nada que eu goste melhor.	Não há nada que eu goste melhor	622	??? ??? ???? ?? ?? ???? ????? ????	??? ??? ???? ?? ?? ???? ????? ???	623	aisa kuchh nahin hai jo mujhe behatar lage.	aisa kuchh nahin hai jo mujhe behatar lage	624												
We might as well.	We might as well	625	Nós também podemos.	Nós também podemos.	Nós também podemos	626	?? ?? ?????	?? ?? ????	627	ham bhee shaayad.	ham bhee shaayad	628												
What can I do for you?	What can I do for you	629	O que posso fazer para você?	O que posso fazer para você?	O que posso fazer para você	630	?? ?? ?? ???? ??? ?? ???? ???	?? ?? ?? ???? ??? ?? ???? ??	631	mai aap ke liye ky kar sakt hu?	mai aap ke liye ky kar sakt hu	632												
What do you say?	What do you say	633	O que você disse?	O que você disse?	O que você disse	634	?? ???? ???? ????	?? ???? ???? ???	635	aap kya kahate hain?	aap kya kahate hain	636												
What's your favorite?	What's your favorite	637	Qual é o seu favorito?	Qual é o seu favorito?	Qual é o seu favorito	638	???? ??????? ???? ???	???? ??????? ???? ??	639	aapaka pasandeeda kya hai?	aapaka pasandeeda kya hai	640												
He is ill in bed.	He is ill in bed	641	Ele está doente na cama.	Ele está doente na cama.	Ele está doente na cama	642	?? ?????? ??? ????? ???	?? ?????? ??? ????? ??	643	vah bistar mein beemaar hai.	vah bistar mein beemaar hai	644												
I like ice-cream.	I like ice-cream	645	Eu gosto de sorvete.	Eu gosto de sorvete.	Eu gosto de sorvete	646	???? ???????? ???? ???	???? ???????? ???? ??	647	mujhe aaisakreem pasand hai.	mujhe aaisakreem pasand hai	648												
I love this game.	I love this game	649	Eu amo este jogo.	Eu amo este jogo.	Eu amo este jogo	650	???? ?? ??? ?? ????? ???	???? ?? ??? ?? ????? ??	651	mujhe is khel se pyaar hai.	mujhe is khel se pyaar hai	652												
I'll try my best.	I'll try my best	653	Eu vou tentar o meu melhor.	Eu vou tentar o meu melhor.	Eu vou tentar o meu melhor	654	??? ???? ????? ???????	??? ???? ????? ??????	655	main pooree koshish karoonga.	main pooree koshish karoonga	656												
I'm on your side.	I'm on your side	657	Estou no seu lado.	Estou no seu lado.	Estou no seu lado	658	??? ???????? ???? ????	??? ???????? ???? ???	659	main tumhaaree taraf hoon.	main tumhaaree taraf hoon	660												
"Easy come, easy go."	"Easy come, easy go"	661	"Assim como vem, também vai."	"Assim como vem, também vai."	"Assim como vem, também vai"	662	?? ????? ?? ????? ?? ?? ????? ?? ??? ?? ???? ???	?? ????? ?? ????? ?? ?? ????? ?? ??? ?? ???? ??	663	jo aasaanee se milata hai vo aasaanee se chala bhee jaata hai.	jo aasaanee se milata hai vo aasaanee se chala bhee jaata hai	664												
I'll check it out.	I'll check it out	665	Eu vou dar uma olhada.	Eu vou dar uma olhada.	Eu vou dar uma olhada	666	??? ??? ??? ??????	??? ??? ??? ?????	667	main ise dekh loonga.	main ise dekh loonga	668												
It's a long story.	It's a long story	669	É uma longa história.	É uma longa história.	É uma longa história	670	?? ?? ???? ????? ???	?? ?? ???? ????? ??	671	yah ek lambee kahaanee hai.	yah ek lambee kahaanee hai	672												
That's all I need.	That's all I need	673	Isso é tudo que preciso.	Isso é tudo que preciso.	Isso é tudo que preciso	674	???? ??? ?? ??????	???? ??? ?? ?????	675	mujhe yahee sab chaahie.	mujhe yahee sab chaahie	676												
The view is great.	The view is great	677	A vista é ótima.	A vista é ótima.	A vista é ótima	678	????? ???? ????? ???	????? ???? ????? ??	679	drshy bahut achchha hai.	drshy bahut achchha hai	680												
The walls have ears.	The walls have ears	681	As paredes têm ouvidos.	As paredes têm ouvidos.	As paredes têm ouvidos	682	??????? ?? ??? ????	??????? ?? ??? ???	683	deevaaron ke kaan hain.	deevaaron ke kaan hain	684												
Here comes a bus.	Here comes a bus	685	Aqui vem um ônibus.	Aqui vem um ônibus.	Aqui vem um ônibus	686	???? ?? ?? ??? ???	???? ?? ?? ??? ??	687	yahaan ek bas aatee hai.	yahaan ek bas aatee hai	688												
He is just a child.	He is just a child	689	Ele é apenas uma criança.	Ele é apenas uma criança.	Ele é apenas uma criança	690	?? ??? ????? ???	?? ??? ????? ??	691	vah abhee bachcha hai.	vah abhee bachcha hai	692												
It seems all right.	It seems all right	693	Parece tudo bem.	Parece tudo bem.	Parece tudo bem	694	?? ?? ??? ???? ???	?? ?? ??? ???? ??	695	yah sab theek lagata hai.	yah sab theek lagata hai	696												
That's a good idea.	That's a good idea	697	Essa é uma boa ideia.	Essa é uma boa ideia.	Essa é uma boa ideia	698	?? ?? ????? ????? ???	?? ?? ????? ????? ??	699	vah ek achchha vichaar hai.	vah ek achchha vichaar hai	700												
I am a football fan.	I am a football fan	701	Eu sou um fã de futebol.	Eu sou um fã de futebol.	Eu sou um fã de futebol	702	??? ?? ?????? ??????? ????	??? ?? ?????? ??????? ???	703	main ek phutabol prashansak hoon.	main ek phutabol prashansak hoon	704												
If only I could fly.	If only I could fly	705	Se eu pudesse voar.	Se eu pudesse voar.	Se eu pudesse voar	706	??? ???? ??? ??? ???? ???	??? ???? ??? ??? ???? ??	707	agar keval main ud sakata hai.	agar keval main ud sakata hai	708												
I'll be right there.	I'll be right there	709	Eu estarei lá.	Eu estarei lá.	Eu estarei lá	710	??? ???? ????? ???????	??? ???? ????? ??????	711	main vahaan maujood rahoonga.	main vahaan maujood rahoonga	712												
Knowledge is power.	Knowledge is power	713	Conhecimento é poder.	Conhecimento é poder.	Conhecimento é poder	714	????? ?? ????? ???	????? ?? ????? ??	715	gyaan hee shakti hai.	gyaan hee shakti hai	716												
We are good friends.	We are good friends	717	Nós somos bons amigos.	Nós somos bons amigos.	Nós somos bons amigos	718	?? ????? ????? ????	?? ????? ????? ???	719	ham achchhe mitr hain.	ham achchhe mitr hain	720												
He can't take a joke.	He can't take a joke	721	Ele não pode levar uma piada.	Ele não pode levar uma piada.	Ele não pode levar uma piada	722	?? ???? ???? ?? ?????	?? ???? ???? ?? ????	723	vah majaak nahin kar sakata.	vah majaak nahin kar sakata	724												
It's against the law.	It's against the law	725	É contra a lei.	É contra a lei.	É contra a lei	726	?? ????? ?? ??????? ???	?? ????? ?? ??????? ??	727	yah kaanoon ke virooddh hai.	yah kaanoon ke virooddh hai	728												
My mouth is watering.	My mouth is watering	729	Estou ficando com água na boca.	Estou ficando com água na boca.	Estou ficando com água na boca	730	???? ???? ??? ???? ? ??? ???	???? ???? ??? ???? ? ??? ??	731	mere munh mein paanee aa raha hai.	mere munh mein paanee aa raha hai	732												
"Speak louder, please."	"Speak louder, please"	733	Fale mais alto por favor.	Fale mais alto por favor.	Fale mais alto por favor	734	????? ??? ?? ???? ?????	????? ??? ?? ???? ????	735	krpaya jor se baate karen.	krpaya jor se baate karen	736												
"Speak slower, please."	"Speak slower, please"	737	"Falar mais devagar, por favor."	"Falar mais devagar, por favor."	"Falar mais devagar, por favor"	738	????? ???? - ???? ??????	????? ???? - ???? ?????	739	krpaya dheere - dheere bolie.	krpaya dheere - dheere bolie	740												
I will be more careful.	I will be more careful	741	Eu serei mais cuidadoso.	Eu serei mais cuidadoso.	Eu serei mais cuidadoso	742	??? ?? ??????????? ???????	??? ?? ??????????? ??????	743	main aur dhyaanapoorvak rahoonga.	main aur dhyaanapoorvak rahoonga	744												
I will never forget it.	I will never forget it	745	Eu nunca esquecerei.	Eu nunca esquecerei.	Eu nunca esquecerei	746	??? ??? ??? ???? ??? ???????	??? ??? ??? ???? ??? ??????	747	main ise kabhee nahin bhool paunga.	main ise kabhee nahin bhool paunga	748												
It is just what I need.	It is just what I need	749	É exatamente o que eu preciso.	É exatamente o que eu preciso.	É exatamente o que eu preciso	750	?? ??? ?? ?? ???? ??????	?? ??? ?? ?? ???? ?????	751	yah vahee hai jo mujhe chaahie.	yah vahee hai jo mujhe chaahie	752												
Let bygones be bygones.	Let bygones be bygones	753	Esquecer o passado.	Esquecer o passado.	Esquecer o passado	754	?? ?? ??? ?? ?? ????	?? ?? ??? ?? ?? ???	755	jo ho gaya so ho gaya.	jo ho gaya so ho gaya	756												
Great minds think alike.	Great minds think alike	757	Mentes brilhantes pensam igual.	Mentes brilhantes pensam igual.	Mentes brilhantes pensam igual	758	???? ?? ???? ??? ????? ????	???? ?? ???? ??? ????? ???	759	bade man vaale aisa sochate hain.	bade man vaale aisa sochate hain	760												
I walked across the park.	I walked across the park	761	Eu atravessei o parque.	Eu atravessei o parque.	Eu atravessei o parque	762	??? ????? ?? ??? ??? ????	??? ????? ?? ??? ??? ???	763	main paark bhar mein chala gaya.	main paark bhar mein chala gaya	764												
I'll just play it by ear.	I'll just play it by ear	765	Eu apenas tocarei de ouvido.	Eu apenas tocarei de ouvido.	Eu apenas tocarei de ouvido	766	??? ??? ??? ??? ?? ????????	??? ??? ??? ??? ?? ???????	767	main abhee ise kaan se bajaoonga.	main abhee ise kaan se bajaoonga	768												
I'm not sure I can do it.	I'm not sure I can do it	769	Não tenho certeza se posso fazer isso.	Não tenho certeza se posso fazer isso.	Não tenho certeza se posso fazer isso	770	???? ???? ???? ?? ?? ??? ?? ?? ???? ????	???? ???? ???? ?? ?? ??? ?? ?? ???? ???	771	mujhe yakeen nahin hai ki main yah kar sakata hoon.	mujhe yakeen nahin hai ki main yah kar sakata hoon	772												
I'm not used to drinking.	I'm not used to drinking	773	Eu não estou acostumado a beber.	Eu não estou acostumado a beber.	Eu não estou acostumado a beber	774	???? ???? ?? ??? ???? ???	???? ???? ?? ??? ???? ??	775	mujhe peene kee aadat nahin hai.	mujhe peene kee aadat nahin hai	776												
Let's not waste our time.	Let's not waste our time	777	Não vamos perder nosso tempo.	Não vamos perder nosso tempo.	Não vamos perder nosso tempo	778	???? ???? ??? ????? ???? ???? ???????	???? ???? ??? ????? ???? ???? ??????	779	hamen apana samay barabaad nahin karana chaahiye.	hamen apana samay barabaad nahin karana chaahiye	780												
Stop making noise.	Stop making noise	781	Pare de fazer barulho.	Pare de fazer barulho.	Pare de fazer barulho	782	??? ???? ??? ????	??? ???? ??? ???	783	shor karana band karo.	shor karana band karo	784												
That makes no difference.	That makes no difference	785	Isso não faz diferença.	Isso não faz diferença.	Isso não faz diferença	786	???? ??? ???? ???? ??????	???? ??? ???? ???? ?????	787	isase koee phark nahin padata.	isase koee phark nahin padata	788												
The price is reasonable.	The price is reasonable	789	O preço é razoável.	O preço é razoável.	O preço é razoável	790	???? ????? ???	???? ????? ??	791	keemat vaajib hai.	keemat vaajib hai	792												
I have a surprise for you.	I have a surprise for you	793	Eu tenho uma surpresa para você.	Eu tenho uma surpresa para você.	Eu tenho uma surpresa para você	794	???? ??? ???????? ??? ?? ???????? ???	???? ??? ???????? ??? ?? ???????? ??	795	mere paas tumhaare lie ek sarapraij hai.	mere paas tumhaare lie ek sarapraij hai	796												
